Number,Number Text,Name,ROD Name,Cost,Duelist Level,Alignment,Type,Card Level,ATK,DEF,Password,Status,Kind,Image
1,001,Blue-Eyes White Dragon,,95,95,Light,Dragon,8,3000,2500,89631139,Unlimited,monster,
2,002,Mystical Elf,,319,319,Light,Spellcaster,4,800,2000,15025844,Unlimited,monster,
3,003,Hitotsu-Me Giant,,121,121,Fiend,Beast-Warrior,4,1200,1000,76184692,Unlimited,monster,
4,004,Baby Dragon,,121,121,Earth,Dragon,3,1200,700,88819587,Unlimited,monster,
5,005,Ryu-Kishin,,87,87,Wind,Fiend,3,1000,500,15303296,Unlimited,monster,
6,006,Feral Imp,,161,161,Fiend,Fiend,4,1300,1400,41392891,Unlimited,monster,
7,007,"Winged Dragon, Guardian of the Fortress #1",,161,161,Wind,Dragon,4,1400,1200,87796900,Unlimited,monster,
8,008,Mushroom Man,,59,59,Forest,Plant,2,800,600,14181608,Unlimited,monster,
9,009,Shadow Specter,,29,29,Fiend,Zombie,1,500,200,40575313,Unlimited,monster,
10,010,Blackland Fire Dragon,,183,183,Dark,Dragon,4,1500,800,87564352,Unlimited,monster,
11,011,Sword Arm of Dragon,,95,95,Earth,Dinosaur,6,1750,2030,13069066,Unlimited,monster,
12,012,Swamp Battleguard,,41,41,Dark,Warrior,5,1800,1500,40453765,Unlimited,monster,
13,013,The Stern Mystic,,183,183,Light,Spellcaster,4,1500,1200,87557188,Unlimited,monster,
14,014,Battle Steer,,41,41,Fiend,Beast-Warrior,5,1800,1300,18246479,Unlimited,monster,
15,015,Flame Swordsman,,41,41,Fire,Warrior,5,1800,1600,45231177,Unlimited,monster,
16,016,Time Wizard,,29,29,Dreams,Spellcaster,2,500,400,71625222,Unlimited,monster,
17,017,Right Leg of the Forbidden One,,66,66,Dark,Spellcaster,1,200,300,08124921,Unlimited,monster,
18,018,Left Leg of the Forbidden One,,66,66,Dark,Spellcaster,1,200,300,44519536,Unlimited,monster,
19,019,Right Arm of the Forbidden One,,66,66,Dark,Spellcaster,1,200,300,70903634,Unlimited,monster,
20,020,Left Arm of the Forbidden One,,66,66,Dark,Spellcaster,1,200,300,07902349,Unlimited,monster,
21,021,Exodia the Forbidden One,,137,137,Dark,Spellcaster,3,1000,1000,33396948,Unlimited,monster,
22,022,Summoned Skull,,279,279,Fiend,Fiend,6,2500,1200,70781052,Unlimited,monster,
23,023,The Wicked Worm Beast,,161,161,Earth,Beast,3,1400,700,06285791,Unlimited,monster,
24,024,Skull Servant,,16,16,Fiend,Zombie,1,300,200,32274490,Unlimited,monster,
25,025,Horn Imp,,140,140,Fiend,Fiend,4,1300,1000,69669405,Unlimited,monster,
26,026,Battle Ox,,233,233,Forest,Beast-Warrior,4,1700,1000,05053103,Unlimited,monster,
27,027,Beaver Warrior,,183,183,Forest,Beast-Warrior,4,1200,1500,32452818,Unlimited,monster,
28,028,Rock Ogre Grotto #1,,121,121,Earth,Rock,3,800,1200,68846917,Unlimited,monster,
29,029,Mountain Warrior,,87,87,Earth,Beast-Warrior,3,600,1000,04931562,Unlimited,monster,
30,030,Zombie Warrior,,121,121,Fiend,Zombie,3,1200,900,31339260,Unlimited,monster,
31,031,Koumori Dragon,,183,183,Fiend,Dragon,4,1500,1200,67724379,Unlimited,monster,
32,032,Two-Headed King Rex,,207,207,Earth,Dinosaur,4,1600,1200,94119974,Unlimited,monster,
33,033,Judge Man,,150,150,Light,Warrior,6,2200,1500,30113682,Unlimited,monster,
34,034,Saggi the Dark Clown,,183,183,Dark,Spellcaster,3,600,1500,66602787,Unlimited,monster,
35,035,Dark Magician,,20,20,Dark,Spellcaster,7,2500,2100,46986414,Unlimited,monster,
36,036,The Snake Hair,,183,183,Fiend,Zombie,4,1500,1200,29491031,Unlimited,monster,
37,037,Gaia the Dragon Champion,,30,30,Wind,Dragon,7,2600,2100,66889139,Unlimited,monster,
38,038,Gaia The Fierce Knight,,6,6,Dark,Warrior,7,2300,2100,06368038,Unlimited,monster,
39,039,Curse of Dragon,,86,86,Wind,Dragon,5,2000,1500,28279543,Unlimited,monster,
40,040,Dragon Piper,,260,260,Fire,Pyro,3,200,1800,55763552,Unlimited,monster,
41,041,Celtic Guardian,,161,161,Light,Warrior,4,1400,1200,91152256,Unlimited,monster,
42,042,Illusionist Faceless Mage,,150,150,Dreams,Spellcaster,5,1200,2200,28546905,Unlimited,monster,
43,043,Karbonala Warrior,,183,183,Earth,Warrior,4,1500,1200,54541900,Unlimited,monster,
44,044,Rogue Doll,,207,207,Light,Spellcaster,4,1600,1000,91939608,Unlimited,monster,
45,045,Oscillo Hero #2,,87,87,Thunder,Thunder,3,1000,500,27324313,Unlimited,monster,
46,046,Griffore,,183,183,Forest,Beast,4,1200,1500,53829412,Unlimited,monster,
47,047,Torike,,121,121,Earth,Beast,3,1200,600,80813021,Unlimited,monster,
48,048,Sangan,,87,87,Fiend,Fiend,3,1000,600,26202165,Unlimited,monster,
49,049,Big Insect,,183,183,Forest,Insect,4,1200,1500,53606874,Unlimited,monster,
50,050,Basic Insect,,47,47,Forest,Insect,2,500,700,89091579,Unlimited,monster,
51,051,Armored Lizard,,183,183,Water,Reptile,4,1500,1200,15480588,Unlimited,monster,
52,052,Hercules Beetle,,86,86,Forest,Insect,5,1500,2000,52584282,Unlimited,monster,
53,053,Killer Needle,,121,121,Forest,Insect,4,1200,1000,88979991,Unlimited,monster,
54,054,Gokibore,,161,161,Forest,Insect,4,1200,1400,15367030,Unlimited,monster,
55,055,Giant Flea,,183,183,Forest,Insect,4,1500,1200,41762634,Unlimited,monster,
56,056,Larvae Moth,,255,255,Forest,Insect,2,500,400,87756343,Unlimited,monster,
57,057,Great Moth,,255,255,Forest,Insect,8,2600,2500,14141448,Unlimited,monster,
58,058,Kuriboh,,16,16,Dark,Fiend,1,300,200,40640057,Unlimited,monster,
59,059,Mammoth Graveyard,,121,121,Dark,Dinosaur,3,1200,800,40374923,Unlimited,monster,
60,060,Great White,,207,207,Water,Fish,4,1600,800,13429800,Unlimited,monster,
61,061,Wolf,,121,121,Forest,Beast,3,1200,800,49417509,Unlimited,monster,
62,062,Harpie Lady,,161,161,Wind,Winged Beast,4,1300,1400,76812113,Unlimited,monster,
63,063,Harpie Lady Sisters,,116,116,Wind,Winged Beast,6,1950,2100,12206212,Unlimited,monster,
64,064,Tiger Axe,,140,140,Forest,Beast-Warrior,4,1300,1100,49791927,Unlimited,monster,
65,065,Silver Fang,,121,121,Forest,Beast,3,1200,800,90357090,Unlimited,monster,
66,066,Kojikocy,,183,183,Earth,Warrior,4,1500,1200,01184620,Unlimited,monster,
67,067,Perfectly Ultimate Great Moth,,255,255,Forest,Insect,8,3500,3000,48579379,Unlimited,monster,
68,068,Garoozis,,41,41,Fire,Beast-Warrior,5,1800,1500,14977074,Unlimited,monster,
69,069,Thousand Dragon,,12,12,Fire,Dragon,7,2400,2000,41462083,Unlimited,monster,
70,070,Fiend Kraken,,161,161,Water,Aqua,4,1200,1400,77456781,Unlimited,monster,
71,071,Jellyfish,,183,183,Water,Aqua,4,1200,1500,14851496,Unlimited,monster,
72,072,Cocoon of Evolution,,255,255,Forest,Insect,3,0,2000,40240595,Unlimited,monster,
73,073,Kairyu-Shin,,41,41,Water,Sea Serpent,5,1800,1500,76634149,Unlimited,monster,
74,074,Giant Soldier of Stone,,319,319,Earth,Rock,3,1300,2000,13039848,Unlimited,monster,
75,075,Man-Eating Plant,,59,59,Dark,Plant,2,800,600,49127943,Unlimited,monster,
76,076,Krokodilus,,121,121,Water,Reptile,4,1100,1200,76512652,Unlimited,monster,
77,077,Grappler,,140,140,Water,Reptile,4,1300,1200,02906250,Unlimited,monster,
78,078,Axe Raider,,233,233,Earth,Warrior,4,1700,1150,48305365,Unlimited,monster,
79,079,Megazowler,,86,86,Earth,Dinosaur,6,1800,2000,75390004,Unlimited,monster,
80,080,Uraby,,183,183,Earth,Dinosaur,4,1500,800,01784619,Unlimited,monster,
81,081,Crawling Dragon #2,,207,207,Fiend,Dinosaur,4,1600,1200,38289717,Unlimited,monster,
82,082,Red-Eyes B. Dragon,,12,12,Fiend,Dragon,7,2400,2000,74677422,Unlimited,monster,
83,083,Castle of Dark Illusions,,493,493,Dark,Fiend,4,1200,2500,00062121,Unlimited,monster,
84,084,Reaper of the Cards,,86,86,Fiend,Fiend,5,1800,2000,33066139,Unlimited,monster,
85,085,King of Yamimakai,,331,331,Fiend,Fiend,5,2600,2300,69455834,Unlimited,monster,
86,086,Barox,,86,86,Forest,Fiend,5,1800,2000,06840573,Unlimited,monster,
87,087,Dark Chimera,,116,116,Dark,Fiend,5,2100,1900,32344688,Unlimited,monster,
88,088,Metal Guardian,,449,449,Fiend,Fiend,5,1500,2800,68339286,Unlimited,monster,
89,089,Catapult Turtle,,86,86,Water,Aqua,5,1000,2000,95727991,Unlimited,monster,
90,090,Gyakutenno Megami,,86,86,Light,Fairy,6,1800,2000,31122090,Unlimited,monster,
91,091,Mystic Horseman,,195,195,Forest,Beast,4,1300,1550,68516705,Unlimited,monster,
92,092,Rabid Horseman,,86,86,Forest,Beast-Warrior,6,2000,1700,94905343,Unlimited,monster,
93,093,Zanki,,25,25,Earth,Warrior,5,1500,1700,30090452,Unlimited,monster,
94,094,Crawling Dragon,,14,14,Earth,Dragon,5,1600,1400,67494157,Unlimited,monster,
95,095,Crass Clown,,161,161,Dreams,Fiend,4,1350,1400,93889755,Unlimited,monster,
96,096,Armored Zombie,,183,183,Fiend,Zombie,3,1500,0,20277860,Unlimited,monster,
97,097,Dragon Zombie,,207,207,Fiend,Zombie,3,1600,0,66672569,Unlimited,monster,
98,098,Clown Zombie,,150,150,Fiend,Zombie,2,1350,0,92667214,Unlimited,monster,
99,099,Pumpking the King of Ghosts,,86,86,Forest,Zombie,6,1800,2000,29155212,Unlimited,monster,
100,100,Battle Warrior,,87,87,Earth,Warrior,3,700,1000,55550921,Unlimited,monster,
101,101,Wings of Wicked Flame,,47,47,Fire,Pyro,2,700,600,92944626,Unlimited,monster,
102,102,Mask of Darkness,,72,72,Dark,Fiend,2,900,400,28933734,Unlimited,monster,
103,103,Baron of the Fiend Sword,,195,195,Dark,Fiend,4,1550,800,86325596,Unlimited,monster,
104,104,Curtain of the Dark Ones,,37,37,Dark,Spellcaster,2,600,500,22026707,Unlimited,monster,
105,105,Tomozaurus,,29,29,Earth,Dinosaur,2,500,400,46457856,Unlimited,monster,
106,106,Spirit of the Winds,,25,25,Wind,Spellcaster,5,1700,1400,54615781,Unlimited,monster,
107,107,Shining Abyss,,260,260,Light,Fiend,4,1600,1800,87303357,Unlimited,monster,
108,108,Headless Knight,,233,233,Earth,Fiend,4,1450,1700,05434080,Unlimited,monster,
109,109,Goddess with the Third Eye,,121,121,Light,Fairy,4,1200,1000,53493204,Unlimited,monster,
110,110,Ruklamba the Spirit King,,3,3,Dreams,Reptile,8,1000,2000,28913279,Unlimited,monster,
111,111,Doma The Angel of Silence,,14,14,Dark,Fairy,5,1600,1400,16972957,Unlimited,monster,
112,112,Keldo,,207,207,Light,Spellcaster,4,1200,1600,80441106,Unlimited,monster,
113,113,Soldier Ari,,121,121,Forest,Insect,3,500,1200,73038060,Unlimited,monster,
114,114,White Magical Hat,,87,87,Light,Spellcaster,3,1000,700,15150365,Unlimited,monster,
115,115,Gearfried the Iron Knight,,260,260,Earth,Warrior,4,1800,1600,00423705,Unlimited,monster,
116,116,Nightmare Scorpion,,72,72,Earth,Insect,3,900,800,88643173,Unlimited,monster,
117,117,Spirit of the Books,,161,161,Wind,Winged Beast,4,1400,1200,14037717,Unlimited,monster,
118,118,XYZ-Dragon Cannon,,58,58,Light,Machine,8,2800,2600,91998119,Unlimited,monster,
119,119,Humanoid Slime,,319,319,Water,Aqua,4,800,2000,46821314,Unlimited,monster,
120,120,Dream Clown,,121,121,Dreams,Warrior,3,1200,900,13215230,Unlimited,monster,
121,121,Sleeping Lion,,233,233,Forest,Beast,4,700,1700,40200834,Unlimited,monster,
122,122,Yamatano Dragon Scroll,,72,72,Wind,Dragon,2,900,300,76704943,Unlimited,monster,
123,123,Dark Plant,,22,22,Fiend,Plant,1,300,400,13193642,Unlimited,monster,
124,124,Worm Drake,,183,183,Earth,Insect,4,1400,1500,73216412,Unlimited,monster,
125,125,Faith Bird,,183,183,Light,Winged Beast,4,1500,1100,75582395,Unlimited,monster,
126,126,Orion the Battle King,,41,41,Light,Fairy,5,1800,1500,02971090,Unlimited,monster,
127,127,Ansatsu,,25,25,Dark,Warrior,5,1700,1200,48365709,Unlimited,monster,
128,128,LaMoon,,25,25,Light,Spellcaster,5,1200,1700,75850803,Unlimited,monster,
129,129,Nemuriko,,59,59,Dark,Spellcaster,3,800,700,90963488,Unlimited,monster,
130,130,Weather Control,,37,37,Light,Fairy,2,600,400,37243151,Unlimited,monster,
131,131,Octoberser,,14,14,Water,Aqua,5,1600,1400,74637266,Unlimited,monster,
132,132,Humanoid Worm Drake,,3,3,Water,Aqua,7,2200,2000,05600127,Unlimited,monster,
133,133,Charubin the Fire Knight,,103,103,Fire,Pyro,3,1100,800,37421579,Unlimited,monster,
134,134,Revival Jam,,183,183,Water,Aqua,4,1500,500,31709826,Unlimited,monster,
135,135,Fiend's Hand,,37,37,Fiend,Zombie,2,600,600,52800428,Unlimited,monster,
136,136,Witty Phantom,,161,161,Dark,Fiend,4,1400,1300,36304921,Unlimited,monster,
137,137,Buster Blader,,30,30,Earth,Warrior,7,2600,2300,78193831,Unlimited,monster,
138,138,Dark Necrofear,,58,58,Dark,Fiend,8,2200,2800,31829185,Unlimited,monster,
139,139,Blue-Eyed Silver Zombie,,72,72,Fiend,Zombie,3,900,700,35282433,Unlimited,monster,
140,140,Toad Master,,87,87,Water,Aqua,3,1000,1000,62671448,Unlimited,monster,
141,141,Spiked Snail,,140,140,Fiend,Insect,3,700,1300,98075147,Unlimited,monster,
142,142,Flame Manipulator,,87,87,Fire,Spellcaster,3,900,1000,34460851,Unlimited,monster,
143,143,Necrolancer the Timelord,,72,72,Dreams,Spellcaster,3,800,900,61454890,Unlimited,monster,
144,144,Djinn the Watcher of the Wind,,72,72,Wind,Spellcaster,3,700,900,97843505,Unlimited,monster,
145,145,The Bewitching Phantom Thief,,47,47,Dreams,Spellcaster,2,700,700,24348204,Unlimited,monster,
146,146,Temple of Skulls,,140,140,Dark,Zombie,4,900,1300,00732302,Unlimited,monster,
147,147,Monster Egg,,72,72,Earth,Warrior,3,600,900,36121917,Unlimited,monster,
148,148,The Shadow Who Controls the Dark,,59,59,Dark,Fiend,3,800,700,63125616,Unlimited,monster,
149,149,X-Head Cannon,,260,260,Wind,Machine,4,1800,1500,62651957,Unlimited,monster,
150,150,Akihiron,,25,25,Water,Aqua,5,1700,1400,36904469,Unlimited,monster,
151,151,Orgoth the Relentless,,20,20,Earth,Warrior,7,2500,2450,55908887,Unlimited,monster,
152,152,The Melting Red Shadow,,47,47,Fiend,Aqua,2,500,700,98898173,Unlimited,monster,
153,153,Dokuroizo the Grim Reaper,,121,121,Fiend,Zombie,3,900,1200,25882881,Unlimited,monster,
154,154,Fire Reaper,,47,47,Fire,Zombie,2,700,500,53581214,Unlimited,monster,
155,155,Larvas,,87,87,Forest,Beast,3,800,1000,94675535,Unlimited,monster,
156,156,Hard Armor,,121,121,Earth,Warrior,3,300,1200,20060230,Unlimited,monster,
157,157,Firegrass,,47,47,Fire,Plant,2,700,600,53293545,Unlimited,monster,
158,158,Cyber Jar,,72,72,Dark,Rock,3,900,900,34124316,Unlimited,monster,
159,159,Dig Beak,,59,59,Forest,Beast,2,500,800,29948642,Unlimited,monster,
160,160,M-Warrior #1,,87,87,Earth,Warrior,3,1000,500,56342351,Unlimited,monster,
161,161,M-Warrior #2,,87,87,Earth,Warrior,3,500,1000,92731455,Unlimited,monster,
162,162,Banisher of the Light,,319,319,Light,Fairy,3,100,2000,61528025,Unlimited,monster,
163,163,Lisark,,140,140,Wind,Beast,4,1300,1300,55210709,Unlimited,monster,
164,164,Des Feral Imp,,260,260,Fiend,Reptile,4,1600,1800,81985784,Unlimited,monster,
165,165,The Judgement Hand,,161,161,Light,Warrior,3,1400,700,28003512,Unlimited,monster,
166,166,Mysterious Puppeteer,,183,183,Earth,Warrior,4,1000,1500,54098121,Unlimited,monster,
167,167,Ancient Jar,,22,22,Earth,Rock,1,400,200,81492226,Unlimited,monster,
168,168,Darkfire Dragon,,183,183,Fire,Dragon,4,1500,1250,17881964,Unlimited,monster,
169,169,Dark King of the Abyss,,121,121,Dark,Fiend,3,1200,800,53375573,Unlimited,monster,
170,170,Spirit of the Harp,,319,319,Light,Fairy,4,800,2000,80770678,Unlimited,monster,
171,171,Big Eye,,121,121,Dreams,Fiend,4,1200,1000,16768387,Unlimited,monster,
172,172,Armaill,,140,140,Fire,Warrior,3,700,1300,53153481,Unlimited,monster,
173,173,Giant Rat,,172,172,Forest,Beast,4,1400,1450,97017120,Unlimited,monster,
174,174,Senju of the Thousand Hands,,161,161,Light,Fairy,4,1400,1000,23401839,Unlimited,monster,
175,175,UFO Turtle,,161,161,Fire,Machine,4,1400,1200,60806437,Unlimited,monster,
176,176,Fire Eye,,59,59,Fire,Pyro,2,800,600,88435542,Unlimited,monster,
177,177,Monsturtle,,87,87,Water,Aqua,3,800,1000,15820147,Unlimited,monster,
178,178,Claw Reacher,,87,87,Dark,Fiend,3,1000,800,41218256,Unlimited,monster,
179,179,Phantom Dewan,,47,47,Dark,Spellcaster,2,700,600,77603950,Unlimited,monster,
180,180,Arlownay,,87,87,Forest,Plant,3,800,1000,14708569,Unlimited,monster,
181,181,Flash Assailant,,319,319,Dark,Fiend,4,2000,2000,96890582,Unlimited,monster,
182,182,Karate Man,,87,87,Earth,Warrior,3,1000,1000,23289281,Unlimited,monster,
183,183,Lucky Trinket,,59,59,Light,Spellcaster,2,600,800,03985011,Unlimited,monster,
184,184,Genin,,72,72,Dreams,Spellcaster,3,600,900,49370026,Unlimited,monster,
185,185,Dark Zebra,,260,260,Forest,Beast,4,1800,400,59784896,Unlimited,monster,
186,186,Fiend Reflection #2,,161,161,Dreams,Winged Beast,4,1100,1400,02863439,Unlimited,monster,
187,187,Gate Deeg,,59,59,Fiend,Beast,3,700,800,49258578,Unlimited,monster,
188,188,Giant Germ,,87,87,Dark,Fiend,2,1000,100,95178994,Unlimited,monster,
189,189,Fusionist,,72,72,Forest,Beast,3,900,700,01641882,Unlimited,monster,
190,190,Nimble Momonga,,87,87,Forest,Beast,2,1000,100,22567609,Unlimited,monster,
191,191,LaLa Li-oon,,37,37,Thunder,Thunder,2,600,600,09430387,Unlimited,monster,
192,192,Key Mace,,22,22,Light,Fairy,1,400,300,01929294,Unlimited,monster,
193,193,Final Destiny,,15,15,,Magic,,,,18591904,Unlimited,spelltrap,
194,194,Heavy Storm,,150,150,,Magic,,,,19613556,Unlimited,spelltrap,
195,195,Doron,,72,72,Water,Warrior,2,900,500,00756652,Unlimited,monster,
196,196,Cyclon Laser,,2,2,,Magic,,,,05494820,Unlimited,spelltrap,
197,197,Boar Soldier,,319,319,Earth,Beast-Warrior,4,2000,500,21340051,Unlimited,monster,
198,198,Happy Lover,,59,59,Light,Fairy,2,800,500,99030164,Unlimited,monster,
199,199,Penguin Knight,,72,72,Earth,Aqua,3,900,800,36039163,Unlimited,monster,
200,200,Petit Dragon,,47,47,Wind,Dragon,2,600,700,75356564,Unlimited,monster,
201,201,Frenzied Panda,,121,121,Forest,Beast,4,1200,1000,98818516,Unlimited,monster,
202,202,Air Marmot of Nefariousness,,37,37,Fiend,Beast,2,400,600,75889523,Unlimited,monster,
203,203,Phantom Ghost,,59,59,Fiend,Zombie,2,600,800,61201220,Unlimited,monster,
204,204,Mother Grizzly,,161,161,Water,Beast-Warrior,4,1400,1000,57839750,Unlimited,monster,
205,205,Flying Kamakiri #1,,161,161,Fire,Insect,4,1400,900,84834865,Unlimited,monster,
206,206,Twin Long Rods #1,,72,72,Fiend,Aqua,3,900,700,60589682,Unlimited,monster,
207,207,Droll Bird,,37,37,Wind,Winged Beast,2,600,500,97973387,Unlimited,monster,
208,208,Petit Angel,,72,72,Light,Fairy,3,600,900,38142739,Unlimited,monster,
209,209,Winged Cleaver,,47,47,Forest,Insect,2,700,700,39175982,Unlimited,monster,
210,210,Hinotama Soul,,37,37,Fire,Pyro,2,600,500,96851799,Unlimited,monster,
211,211,Kaminarikozou,,47,47,Thunder,Thunder,2,700,600,15510988,Unlimited,monster,
212,212,Meotoko,,47,47,Fiend,Beast,2,700,600,53832650,Unlimited,monster,
213,213,Aqua Madoor,,319,319,Water,Spellcaster,4,1200,2000,85639257,Unlimited,monster,
214,214,Kagemusha of the Blue Flame,,59,59,Fire,Warrior,2,800,400,15401633,Unlimited,monster,
215,215,Flame Ghost,,87,87,Fire,Zombie,3,1000,800,58528964,Unlimited,monster,
216,216,Nightmare Penguin,,32,32,Water,Aqua,5,1300,1750,81306586,Unlimited,monster,
217,217,B. Skull Dragon,,5,5,Fiend,Dragon,9,3200,2500,11901678,Unlimited,monster,
218,218,Two-Mouth Darkruler,,72,72,Fiend,Dinosaur,3,900,700,57305373,Unlimited,monster,
219,219,Solitude,,95,95,Fiend,Beast-Warrior,3,1050,1000,84794011,Unlimited,monster,
220,220,Masked Sorcerer,,161,161,Dark,Spellcaster,4,900,1400,10189126,Unlimited,monster,
221,221,Kumootoko,,161,161,Forest,Insect,3,700,1400,56283725,Unlimited,monster,
222,222,Ceremonial Bell,,274,274,Light,Spellcaster,3,0,1850,20228463,Unlimited,monster,
223,223,Roaring Ocean Snake,,116,116,Water,Aqua,6,2100,1800,19066538,Unlimited,monster,
224,224,Trap Master,,103,103,Dark,Warrior,3,500,1100,46461247,Unlimited,monster,
225,225,Fiend Sword,,161,161,Fiend,Warrior,4,1400,800,22855882,Unlimited,monster,
226,226,Sonic Bird,,161,161,Wind,Winged Beast,4,1400,1000,57617178,Unlimited,monster,
227,227,Mystic Tomato,,161,161,Forest,Plant,4,1400,1100,83011277,Unlimited,monster,
228,228,Wood Remains,,87,87,Forest,Zombie,3,1000,900,17733394,Unlimited,monster,
229,229,Hourglass of Life,,47,47,Light,Fairy,2,700,600,08783685,Unlimited,monster,
230,230,Rare Fish,,183,183,Water,Fish,4,1500,1200,80516007,Unlimited,monster,
231,231,Wood Clown,,121,121,Dark,Warrior,3,800,1200,17511156,Unlimited,monster,
232,232,Kotodama,,207,207,Earth,Fairy,3,0,1600,19406822,Unlimited,monster,
233,233,Jam Breeding Machine,,0,0,,Magic,,,,21770260,Unlimited,spelltrap,
234,234,Obelisk the Tormentor,,0,0,Divine,Warrior,12,4000,4000,,Unlimited,monster,
235,235,Wodan the Resident of the Forest,,121,121,Forest,Warrior,3,900,1200,42883273,Unlimited,monster,
236,236,Perfect Machine King,,43,43,Fire,Machine,7,2700,2200,18891691,Unlimited,monster,
237,237,Haniwa,,29,29,Earth,Rock,2,500,500,84285623,Unlimited,monster,
238,238,Slifer the Sky Dragon,,0,0,Divine,Dragon,12,4000,4000,,Unlimited,monster,
239,239,Vishwar Randi,,72,72,Dark,Warrior,3,900,700,78556320,Unlimited,monster,
240,240,The Winged Dragon of Ra (Battle Mode),,0,0,Divine,Machine,12,4000,4000,,Unlimited,monster,
241,241,Dark Assailant,,121,121,Fiend,Zombie,4,1200,1200,41949033,Unlimited,monster,
242,242,Candle of Fate,,37,37,Fire,Fiend,2,600,600,47695416,Unlimited,monster,
243,243,Water Element,,72,72,Water,Aqua,3,900,700,03732747,Unlimited,monster,
244,244,Dissolverock,,87,87,Fire,Rock,3,900,1000,40826495,Unlimited,monster,
245,245,Flying Fish,,59,59,Wind,Fish,4,800,500,31987274,Unlimited,monster,
246,246,One Who Hunts Souls,,103,103,Fiend,Beast-Warrior,4,1100,1000,03606209,Unlimited,monster,
247,247,Root Water,,72,72,Water,Fish,3,900,800,39004808,Unlimited,monster,
248,248,Amphibian Beast,,231,231,Water,Fish,6,2400,2000,67371383,Unlimited,monster,
249,249,Water Omotics,,161,161,Water,Aqua,4,1400,1200,02483611,Unlimited,monster,
250,250,Alligator's Sword Dragon,,25,25,Wind,Dragon,5,1700,1500,03366982,Unlimited,monster,
251,251,Enchanting Mermaid,,121,121,Water,Fish,3,1200,900,75376965,Unlimited,monster,
252,252,Nekogal #1,,103,103,Forest,Beast,3,1100,900,01761063,Unlimited,monster,
253,253,Rocket Warrior,,183,183,Earth,Warrior,4,1500,1300,30860696,Unlimited,monster,
254,254,Aqua Serpent,,183,183,Water,Aqua,4,1500,1200,66259795,Unlimited,monster,
255,255,Prevent Rat,,319,319,Forest,Beast,4,500,2000,00549481,Unlimited,monster,
256,256,Dimensional Warrior,,121,121,Dreams,Warrior,4,1200,1000,37043180,Unlimited,monster,
257,257,The Legendary Fisherman,,50,50,Water,Warrior,5,1850,1600,03643300,Unlimited,monster,
258,258,Beastking of the Swamps,,103,103,Earth,Aqua,4,1000,1100,99426834,Unlimited,monster,
259,259,Satellite Cannon,,0,0,Thunder,Machine,5,0,0,50400231,Unlimited,monster,
260,260,Lunar Queen Elzaim,,103,103,Light,Fairy,3,750,1100,62210247,Unlimited,monster,
261,261,Wicked Mirror,,47,47,Dreams,Fiend,2,700,600,15150371,Unlimited,monster,
262,262,The Little Swordsman of Aile,,140,140,Water,Warrior,3,800,1300,25109950,Unlimited,monster,
263,263,Rock Ogre Grotto #2,,161,161,Earth,Rock,3,700,1400,62193699,Unlimited,monster,
264,264,Wing Egg Elf,,140,140,Light,Fairy,3,500,1300,98582704,Unlimited,monster,
265,265,The Furious Sea King,,59,59,Water,Aqua,3,800,700,18710707,Unlimited,monster,
266,266,Princess of Tsurugi,,72,72,Wind,Warrior,3,900,700,51371017,Unlimited,monster,
267,267,Morphing Jar #2,,59,59,Earth,Rock,3,800,700,79106360,Unlimited,monster,
268,268,Vorse Raider,,289,289,Fiend,Beast-Warrior,4,1900,1200,14898066,Unlimited,monster,
269,269,Versago the Destroyer,,103,103,Dark,Fiend,3,1100,900,50259460,Unlimited,monster,
270,270,Wetha,,87,87,Water,Aqua,3,1000,900,96643568,Unlimited,monster,
271,271,Megirus Light,,72,72,Dark,Fiend,3,900,600,23032273,Unlimited,monster,
272,272,Mavelus,,140,140,Fire,Winged Beast,4,1300,900,59036972,Unlimited,monster,
273,273,Ancient Tree of Enlightenment,,183,183,Forest,Plant,3,600,1500,86421986,Unlimited,monster,
274,274,Green Phantom King,,207,207,Forest,Plant,3,500,1600,22910685,Unlimited,monster,
275,275,Ground Attacker Bugroth,,183,183,Earth,Machine,4,1500,1000,58314394,Unlimited,monster,
276,276,Ray & Temperature,,87,87,Wind,Fairy,3,1000,1000,85309439,Unlimited,monster,
277,277,Flame Champion,,61,61,Fire,Pyro,5,1900,1300,42599677,Unlimited,monster,
278,278,Petit Moth,,16,16,Forest,Insect,1,300,200,58192742,Unlimited,monster,
279,279,Twin-Headed Fire Dragon,,150,150,Fire,Pyro,6,2200,1700,78984772,Unlimited,monster,
280,280,Darkfire Soldier #1,,233,233,Fire,Pyro,4,1700,1150,05388481,Unlimited,monster,
281,281,Mystic Clown,,183,183,Dark,Fiend,4,1500,1000,47060154,Unlimited,monster,
282,282,Mystical Sheep #2,,87,87,Dreams,Beast,3,800,1000,83464209,Unlimited,monster,
283,283,Holograh,,103,103,Light,Machine,3,1100,700,10859908,Unlimited,monster,
284,284,Tao the Chanter,,121,121,Dreams,Spellcaster,3,1200,900,46247516,Unlimited,monster,
285,285,Serpent Marauder,,47,47,Water,Reptile,2,700,600,82742611,Unlimited,monster,
286,286,Mr. Volcano,,116,116,Fire,Pyro,5,2100,1300,31477025,Unlimited,monster,
287,287,Ogre of the Black Shadow,,161,161,Fiend,Beast-Warrior,4,1200,1400,45121025,Unlimited,monster,
288,288,Darkfire Soldier #2,,233,233,Fire,Pyro,4,1700,1100,78861134,Unlimited,monster,
289,289,Change Slime,,22,22,Water,Aqua,1,400,300,18914778,Unlimited,monster,
290,290,Moon Envoy,,103,103,Light,Warrior,4,1100,1000,45909477,Unlimited,monster,
291,291,Fireyarou,,140,140,Fire,Pyro,4,1300,1000,71407486,Unlimited,monster,
292,292,Kiseitai,,59,59,Dark,Fiend,2,300,800,04266839,Unlimited,monster,
293,293,Masaki the Legendary Swordsman,,103,103,Light,Warrior,4,1100,1100,44287299,Unlimited,monster,
294,294,Dragoness the Wicked Knight,,121,121,Wind,Warrior,3,1200,900,70681994,Unlimited,monster,
295,295,Cyber Falcon,,161,161,Wind,Machine,4,1400,1200,30655537,Unlimited,monster,
296,296,One-Eyed Shield Dragon,,140,140,Wind,Dragon,3,700,1300,33064647,Unlimited,monster,
297,297,The Winged Dragon of Ra (Sphere Mode),,0,0,Divine,Machine,12,0,0,,Unlimited,monster,
298,298,Wicked Dragon with the Ersatz Head,,72,72,Fiend,Dragon,3,900,900,02957055,Unlimited,monster,
299,299,Sonic Maid,,121,121,Light,Warrior,3,1200,900,38942059,Unlimited,monster,
300,300,Kurama,,59,59,Wind,Winged Beast,3,800,800,85705804,Unlimited,monster,
301,301,Legendary Sword,,100,100,,Magic,,,,61854111,Unlimited,spelltrap,
302,302,Sword of Dark Destruction,,100,100,,Magic,,,,37120512,Unlimited,spelltrap,
303,303,Dark Energy,,100,100,,Magic,,,,04614116,Unlimited,spelltrap,
304,304,Axe of Despair,,100,100,,Magic,,,,40619825,Unlimited,spelltrap,
305,305,Laser Cannon Armor,,100,100,,Magic,,,,77007920,Unlimited,spelltrap,
306,306,Insect Armor with Laser Cannon,,100,100,,Magic,,,,03492538,Unlimited,spelltrap,
307,307,Elf's Light,,100,100,,Magic,,,,39897277,Unlimited,spelltrap,
308,308,Beast Fangs,,100,100,,Magic,,,,46009906,Unlimited,spelltrap,
309,309,Steel Shell,,100,100,,Magic,,,,02370081,Unlimited,spelltrap,
310,310,Vile Germs,,100,100,,Magic,,,,39774685,Unlimited,spelltrap,
311,311,Black Pendant,,100,100,,Magic,,,,65169794,Unlimited,spelltrap,
312,312,Silver Bow and Arrow,,100,100,,Magic,,,,01557499,Unlimited,spelltrap,
313,313,Horn of Light,,100,100,,Magic,,,,38552107,Unlimited,spelltrap,
314,314,Horn of the Unicorn,,100,100,,Magic,,,,64047146,Unlimited,spelltrap,
315,315,Dragon Treasure,,100,100,,Magic,,,,01435851,Unlimited,spelltrap,
316,316,Electro-Whip,,100,100,,Magic,,,,37820550,Unlimited,spelltrap,
317,317,Cyber Shield,,100,100,,Magic,,,,63224564,Unlimited,spelltrap,
318,318,Elegant Egotist,,2,2,,Magic,,,,90219263,Unlimited,spelltrap,
319,319,Mystical Moon,,100,100,,Magic,,,,36607978,Unlimited,spelltrap,
320,320,Stop Defense,,10,10,,Magic,,,,63102017,Unlimited,spelltrap,
321,321,Malevolent Nuzzler,,100,100,,Magic,,,,99597615,Unlimited,spelltrap,
322,322,Violet Crystal,,100,100,,Magic,,,,15052462,Unlimited,spelltrap,
323,323,Book of Secret Arts,,100,100,,Magic,,,,91595718,Unlimited,spelltrap,
324,324,Invigoration,,100,100,,Magic,,,,98374133,Unlimited,spelltrap,
325,325,Machine Conversion Factory,,100,100,,Magic,,,,25769732,Unlimited,spelltrap,
326,326,Raise Body Heat,,100,100,,Magic,,,,51267887,Unlimited,spelltrap,
327,327,Follow Wind,,100,100,,Magic,,,,98252586,Unlimited,spelltrap,
328,328,Power of Kaishin,,100,100,,Magic,,,,77027445,Unlimited,spelltrap,
329,329,Dragon Capture Jar,,15,15,,Trap,,,,50045299,Unlimited,spelltrap,
330,330,Forest,,40,40,,Magic,,,,87430998,Unlimited,spelltrap,
331,331,Wasteland,,40,40,,Magic,,,,23424603,Unlimited,spelltrap,
332,332,Mountain,,40,40,,Magic,,,,50913601,Unlimited,spelltrap,
333,333,Sogen,,40,40,,Magic,,,,86318356,Unlimited,spelltrap,
334,334,Umi,,40,40,,Magic,,,,22702055,Unlimited,spelltrap,
335,335,Yami,,40,40,,Magic,,,,59197169,Unlimited,spelltrap,
336,336,Dark Hole,,100,100,,Magic,,,,53129443,Unlimited,spelltrap,
337,337,Raigeki,,150,150,,Magic,,,,12580477,Unlimited,spelltrap,
338,338,Mooyan Curry,,0,0,,Magic,,,,58074572,Unlimited,spelltrap,
339,339,Red Medicine,,5,5,,Magic,,,,38199696,Unlimited,spelltrap,
340,340,Goblin's Secret Remedy,,15,15,,Magic,,,,11868825,Unlimited,spelltrap,
341,341,Soul of the Pure,,50,50,,Magic,,,,47852924,Unlimited,spelltrap,
342,342,Dian Keto the Cure Master,,100,100,,Magic,,,,84257639,Unlimited,spelltrap,
343,343,Sparks,,0,0,,Magic,,,,76103675,Unlimited,spelltrap,
344,344,Hinotama,,5,5,,Magic,,,,46130346,Unlimited,spelltrap,
345,345,Final Flame,,15,15,,Magic,,,,73134081,Unlimited,spelltrap,
346,346,Ookazi,,50,50,,Magic,,,,19523799,Unlimited,spelltrap,
347,347,Tremendous Fire,,100,100,,Magic,,,,46918794,Unlimited,spelltrap,
348,348,Swords of Revealing Light,,300,300,,Magic,,,,72302403,Unlimited,spelltrap,
349,349,Spellbinding Circle,,180,180,,Magic,,,,18807108,Unlimited,spelltrap,
350,350,Dark-Piercing Light,,0,0,,Magic,,,,45895206,Unlimited,spelltrap,
351,351,Yaranzo,,183,183,Fiend,Zombie,4,1300,1500,71280811,Unlimited,monster,
352,352,Kanan the Swordmistress,,161,161,Earth,Warrior,4,1400,1400,12829151,Unlimited,monster,
353,353,Takriminos,,183,183,Water,Sea Serpent,4,1500,1200,44073668,Unlimited,monster,
354,354,Stuffed Animal,,121,121,Fiend,Warrior,3,1200,900,71068263,Unlimited,monster,
355,355,Megasonic Eye,,41,41,Fiend,Machine,5,1500,1800,07562372,Unlimited,monster,
356,356,Super War-Lion,,999,999,Divine,Beast,7,2300,2100,33951077,Unlimited,monster,
357,357,Yamadron,,999,999,Divine,Dragon,5,1600,1800,70345785,Unlimited,monster,
358,358,Seiyaryu,,20,20,Light,Dragon,7,2500,2300,06740720,Unlimited,monster,
359,359,Three-Legged Zombies,,103,103,Fiend,Zombie,3,1100,800,33734439,Unlimited,monster,
360,360,Zera The Mant,,999,999,Divine,Fiend,8,2800,2300,69123138,Unlimited,monster,
361,361,Flying Penguin,,121,121,Water,Aqua,4,1200,1000,05628232,Unlimited,monster,
362,362,Millennium Shield,,999,999,Divine,Warrior,5,0,3000,32012841,Unlimited,monster,
363,363,Fairy's Gift,,161,161,Forest,Spellcaster,4,1400,1000,68401546,Unlimited,monster,
364,364,Black Luster Soldier,,999,999,Divine,Warrior,8,3000,2500,05405694,Unlimited,monster,
365,365,Fiend's Mirror,,999,999,Divine,Fiend,6,2100,1800,31890399,Unlimited,monster,
366,366,Labyrinth Wall,,585,585,Earth,Rock,5,0,3000,67284908,Unlimited,monster,
367,367,Jirai Gumo,,384,384,Forest,Insect,4,2200,100,94773007,Unlimited,monster,
368,368,Shadow Ghoul,,14,14,Fiend,Zombie,5,1600,1300,30778711,Unlimited,monster,
369,369,Wall Shadow,,95,95,Fiend,Warrior,7,1600,3000,63162310,Unlimited,monster,
370,370,Labyrinth Tank,,12,12,Fiend,Machine,7,2400,2400,99551425,Unlimited,monster,
371,371,Sanga of the Thunder,,30,30,Thunder,Thunder,7,2600,2200,25955164,Unlimited,monster,
372,372,Kazejin,,12,12,Wind,Spellcaster,7,2400,2200,62340868,Unlimited,monster,
373,373,Suijin,,20,20,Water,Aqua,7,2500,2400,98434877,Unlimited,monster,
374,374,Gate Guardian,,999,999,Divine,Warrior,11,3750,3400,25833572,Unlimited,monster,
375,375,Dungeon Worm,,41,41,Earth,Insect,5,1800,1500,51228280,Unlimited,monster,
376,376,Monster Tamer,,41,41,Forest,Warrior,5,1800,1600,97612389,Unlimited,monster,
377,377,Ryu-Kishin Powered,,207,207,Fiend,Fiend,4,1600,1200,24611934,Unlimited,monster,
378,378,Swordstalker,,86,86,Fiend,Warrior,6,2000,1600,50005633,Unlimited,monster,
379,379,La Jinn the Mystical Genie of the Lamp,,260,260,Dark,Fiend,4,1800,1000,97590747,Unlimited,monster,
380,380,Blue-Eyes Ultimate Dragon,,999,999,Divine,Dragon,12,4500,3800,23995346,Unlimited,monster,
381,381,Toon Alligator,,207,207,Water,Reptile,4,800,1600,59383041,Unlimited,monster,
382,382,Rude Kaiser,,41,41,Earth,Beast-Warrior,5,1800,1600,26378150,Unlimited,monster,
383,383,Parrot Dragon,,86,86,Wind,Dragon,5,2000,1300,62762898,Unlimited,monster,
384,384,Dark Rabbit,,183,183,Fiend,Beast,4,1100,1500,99261403,Unlimited,monster,
385,385,Bickuribox,,6,6,Fiend,Fiend,7,2300,2000,25655502,Unlimited,monster,
386,386,Harpie's Pet Dragon,,20,20,Wind,Dragon,7,2000,2500,52040216,Unlimited,monster,
387,387,Mystic Lamp,,22,22,Dark,Spellcaster,1,400,300,98049915,Unlimited,monster,
388,388,Pendulum Machine,,86,86,Dark,Machine,6,1750,2000,24433920,Unlimited,monster,
389,389,Giltia the D. Knight,,50,50,Light,Warrior,5,1850,1500,51828629,Unlimited,monster,
390,390,Launcher Spider,,20,20,Fire,Machine,7,2200,2500,87322377,Unlimited,monster,
391,391,Zoa,,30,30,Fiend,Fiend,7,2600,1900,24311372,Unlimited,monster,
392,392,Metalzoa,,95,95,Fiend,Machine,8,3000,2300,50705071,Unlimited,monster,
393,393,Zone Eater,,14,14,Water,Aqua,1,250,200,86100785,Unlimited,monster,
394,394,Steel Scorpion,,16,16,Forest,Machine,1,250,300,13599884,Unlimited,monster,
395,395,Dancing Elf,,16,16,Forest,Fairy,1,300,200,59983499,Unlimited,monster,
396,396,Ocubeam,,19,19,Wind,Fairy,5,1550,1650,86088138,Unlimited,monster,
397,397,Leghul,,19,19,Forest,Insect,1,300,350,12472242,Unlimited,monster,
398,398,Ooguchi,,16,16,Water,Aqua,1,300,250,58861941,Unlimited,monster,
399,399,Gamma The Magnet Warrior,,260,260,Earth,Rock,4,1500,1800,11549357,Unlimited,monster,
400,400,Emperor of the Land and Sea,,41,41,Water,Reptile,5,1800,1500,11250655,Unlimited,monster,
401,401,Ushi Oni,,132,132,Forest,Fiend,6,2150,1950,48649353,Unlimited,monster,
402,402,Monster Eye,,19,19,Fiend,Fiend,1,250,350,84133008,Unlimited,monster,
403,403,Leogun,,32,32,Earth,Beast,5,1750,1550,10538007,Unlimited,monster,
404,404,Tatsunootoshigo,,14,14,Water,Beast,5,1350,1600,47922711,Unlimited,monster,
405,405,Saber Slasher,,7,7,Fiend,Machine,5,1450,1500,73911410,Unlimited,monster,
406,406,Kaiser Sea Horse,,233,233,Water,Sea Serpent,4,1700,1650,17444133,Unlimited,monster,
407,407,Machine King,,150,150,Fire,Machine,6,2200,2000,46700124,Unlimited,monster,
408,408,Giant Mech-Soldier,,61,61,Fiend,Machine,6,1750,1900,72299832,Unlimited,monster,
409,409,Metal Dragon,,50,50,Fire,Machine,6,1850,1700,09293977,Unlimited,monster,
410,410,Mechanical Spider,,29,29,Forest,Machine,2,400,500,45688586,Unlimited,monster,
411,411,Bat,,19,19,Fiend,Machine,1,300,350,72076281,Unlimited,monster,
412,412,The Winged Dragon of Ra (Phoenix Mode),,0,0,Divine,Pyro,12,4000,4000,51404976,Unlimited,monster,
413,413,Cyber Soldier,,25,25,Fiend,Machine,5,1500,1700,44865098,Unlimited,monster,
414,414,Shovel Crusher,,121,121,Earth,Machine,3,900,1200,71950093,Unlimited,monster,
415,415,Mechanicalchaser,,274,274,Fiend,Machine,4,1850,800,07359741,Unlimited,monster,
416,416,Blocker,,260,260,Fiend,Machine,4,850,1800,34743446,Unlimited,monster,
417,417,Blast Juggler,,72,72,Fire,Machine,3,800,900,70138455,Unlimited,monster,
418,418,Golgoil,,207,207,Dreams,Machine,4,900,1600,07526150,Unlimited,monster,
419,419,Flying Kamakiri #2,,183,183,Wind,Insect,4,1500,800,03134241,Unlimited,monster,
420,420,Cyber-Stein,,47,47,Fiend,Machine,2,700,500,69015963,Unlimited,monster,
421,421,Cyber Commander,,53,53,Fiend,Machine,2,750,700,06400512,Unlimited,monster,
422,422,Jinzo #7,,29,29,Fiend,Machine,2,500,400,32809211,Unlimited,monster,
423,423,Dice Armadillo,,41,41,Forest,Machine,5,1650,1800,69893315,Unlimited,monster,
424,424,Sky Dragon,,61,61,Wind,Dragon,6,1900,1800,95288024,Unlimited,monster,
425,425,Thunder Dragon,,14,14,Thunder,Thunder,5,1600,1500,31786629,Unlimited,monster,
426,426,Stone D.,,6,6,Earth,Rock,7,2000,2300,68171737,Unlimited,monster,
427,427,Kaiser Dragon,,6,6,Light,Dragon,7,2300,2000,94566432,Unlimited,monster,
428,428,Magician of Faith,,22,22,Light,Spellcaster,1,300,400,31560081,Unlimited,monster,
429,429,Goddess of Whim,,79,79,Light,Fairy,3,950,700,67959180,Unlimited,monster,
430,430,Gradius,,121,121,Dreams,Machine,4,1200,800,10992251,Unlimited,monster,
431,431,Ice Water,,112,112,Water,Aqua,3,1150,900,20848593,Unlimited,monster,
432,432,Waterdragon Fairy,,103,103,Water,Aqua,3,1100,700,66836598,Unlimited,monster,
433,433,Ancient Elf,,172,172,Light,Spellcaster,4,1450,1200,93221206,Unlimited,monster,
434,434,Harpie's Brother,,260,260,Wind,Winged Beast,4,1800,600,30532390,Unlimited,monster,
435,435,Aeris,,260,260,Earth,Fairy,4,1800,1400,54285230,Unlimited,monster,
436,436,White Dolphin,,29,29,Water,Fish,2,500,400,92409659,Unlimited,monster,
437,437,Deepsea Shark,,61,61,Water,Fish,5,1900,1600,28593363,Unlimited,monster,
438,438,Metal Fish,,61,61,Water,Machine,5,1600,1900,55998462,Unlimited,monster,
439,439,Grand Tiki Elder,,183,183,Dreams,Fiend,4,1500,800,13676474,Unlimited,monster,
440,440,7 Colored Fish,,260,260,Water,Fish,4,1800,800,23771716,Unlimited,monster,
441,441,Mech Bass,,41,41,Water,Machine,5,1800,1500,50176820,Unlimited,monster,
442,442,Aqua Dragon,,168,168,Water,Sea Serpent,6,2250,1900,86164529,Unlimited,monster,
443,443,Sea King Dragon,,86,86,Water,Sea Serpent,6,2000,1700,23659124,Unlimited,monster,
444,444,Turu-Purun,,29,29,Water,Aqua,2,450,500,59053232,Unlimited,monster,
445,445,Giant Rex,,319,319,Earth,Dinosaur,4,2000,1200,80280944,Unlimited,monster,
446,446,Aqua Snake,,95,95,Water,Aqua,3,1050,900,12436646,Unlimited,monster,
447,447,Giant Red Seasnake,,260,260,Water,Aqua,4,1800,800,58831685,Unlimited,monster,
448,448,Spike Seadra,,14,14,Thunder,Sea Serpent,5,1600,1300,85326399,Unlimited,monster,
449,449,"30,000-Year White Turtle",,116,116,Water,Aqua,5,1250,2100,11714098,Unlimited,monster,
450,450,Kappa Avenger,,121,121,Water,Aqua,3,1200,900,48109103,Unlimited,monster,
451,451,Kanikabuto,,72,72,Water,Aqua,3,650,900,84103702,Unlimited,monster,
452,452,Zarigun,,47,47,Water,Aqua,2,600,700,10598400,Unlimited,monster,
453,453,Millennium Golem,,150,150,Earth,Rock,6,2000,2200,47986555,Unlimited,monster,
454,454,Destroyer Golem,,183,183,Earth,Rock,4,1500,1000,73481154,Unlimited,monster,
455,455,Barrel Rock,,140,140,Earth,Rock,4,1000,1300,10476868,Unlimited,monster,
456,456,Minomushi Warrior,,140,140,Earth,Rock,4,1300,1200,46864967,Unlimited,monster,
457,457,The Masked Beast,,142,142,Fiend,Fiend,8,3200,1800,49064413,Unlimited,monster,
458,458,Kaminari Attack,,61,61,Thunder,Thunder,5,1900,1400,09653271,Unlimited,monster,
459,459,Tripwire Beast,,140,140,Thunder,Thunder,4,1200,1300,45042329,Unlimited,monster,
460,460,Bolt Escargot,,7,7,Thunder,Thunder,5,1400,1500,12146024,Unlimited,monster,
461,461,Bolt Penguin,,103,103,Thunder,Thunder,3,1100,800,48531733,Unlimited,monster,
462,462,The Immortal of Thunder,,183,183,Thunder,Thunder,4,1500,1300,84926738,Unlimited,monster,
463,463,Electric Snake,,72,72,Thunder,Thunder,3,800,900,11324436,Unlimited,monster,
464,464,Wing Eagle,,41,41,Wind,Winged Beast,5,1800,1500,47319141,Unlimited,monster,
465,465,Punished Eagle,,116,116,Wind,Winged Beast,6,2100,1800,74703140,Unlimited,monster,
466,466,Skull Red Bird,,195,195,Wind,Winged Beast,4,1550,1200,10202894,Unlimited,monster,
467,467,Crimson Sunbird,,188,188,Fire,Winged Beast,6,2300,1800,46696593,Unlimited,monster,
468,468,Queen Bird,,86,86,Wind,Winged Beast,5,1200,2000,73081602,Unlimited,monster,
469,469,Armed Ninja,,16,16,Water,Warrior,1,300,300,09076207,Unlimited,monster,
470,470,Magical Ghost,,161,161,Fiend,Zombie,4,1300,1400,46474915,Unlimited,monster,
471,471,Soul Hunter,,150,150,Fiend,Fiend,6,2200,1800,72869010,Unlimited,monster,
472,472,The Earl of Demise,,86,86,Dark,Fiend,5,2000,700,66989694,Unlimited,monster,
473,473,Vermillion Sparrow,,61,61,Fire,Pyro,5,1900,1500,35752363,Unlimited,monster,
474,474,Sea Kamen,,140,140,Water,Aqua,4,1100,1300,71746462,Unlimited,monster,
475,475,Sinister Serpent,,16,16,Water,Reptile,1,300,250,08131171,Unlimited,monster,
476,476,Ganigumo,,59,59,Forest,Insect,2,600,800,34536276,Unlimited,monster,
477,477,Alinsection,,79,79,Forest,Insect,3,950,700,70924884,Unlimited,monster,
478,478,Insect Soldiers of the Sky,,87,87,Wind,Insect,3,1000,800,07019529,Unlimited,monster,
479,479,Cockroach Knight,,72,72,Forest,Insect,3,800,900,33413638,Unlimited,monster,
480,480,Kuwagata A,,130,130,Forest,Insect,4,1250,1000,60802233,Unlimited,monster,
481,481,Burglar,,65,65,Forest,Beast,3,850,800,06297941,Unlimited,monster,
482,482,Pragtical,,61,61,Earth,Dinosaur,5,1900,1500,33691040,Unlimited,monster,
483,483,Garvas,,86,86,Forest,Beast,6,2000,1700,69780745,Unlimited,monster,
484,484,Ameba,,19,19,Water,Aqua,1,300,350,95174353,Unlimited,monster,
485,485,Korogashi,,33,33,Forest,Insect,2,550,400,32569498,Unlimited,monster,
486,486,Boo Koo,,42,42,Light,Spellcaster,2,650,500,68963107,Unlimited,monster,
487,487,Flower Wolf,,41,41,Forest,Beast,5,1800,1400,95952802,Unlimited,monster,
488,488,Rainbow Flower,,29,29,Forest,Plant,2,400,500,21347810,Unlimited,monster,
489,489,Barrel Lily,,103,103,Forest,Plant,3,1100,600,67841515,Unlimited,monster,
490,490,Needle Ball,,53,53,Fiend,Fiend,2,750,700,94230224,Unlimited,monster,
491,491,Peacock,,25,25,Forest,Winged Beast,5,1700,1500,20624263,Unlimited,monster,
492,492,Hoshiningen,,47,47,Light,Fairy,2,500,700,67629977,Unlimited,monster,
493,493,Maha Vailo,,195,195,Light,Spellcaster,4,1550,1400,93013676,Unlimited,monster,
494,494,Rainbow Marine Mermaid,,25,25,Water,Fish,5,1550,1700,29402771,Unlimited,monster,
495,495,Musician King,,32,32,Light,Spellcaster,5,1750,1500,56907389,Unlimited,monster,
496,496,Wilmee,,121,121,Forest,Beast,4,1000,1200,92391084,Unlimited,monster,
497,497,Yado Karu,,233,233,Water,Aqua,4,900,1700,29380133,Unlimited,monster,
498,498,Morinphen,,10,10,Fiend,Fiend,5,1550,1300,55784832,Unlimited,monster,
499,499,Boneheimer,,65,65,Water,Aqua,3,850,400,98456117,Unlimited,monster,
500,500,Dragon Seeker,,116,116,Fiend,Fiend,6,2000,2100,28563545,Unlimited,monster,
501,501,Man-Eater Bug,,37,37,Forest,Insect,2,450,600,54652250,Unlimited,monster,
502,502,Penguin Torpedo,,19,19,Water,Aqua,3,350,300,17679043,Unlimited,monster,
503,503,Turtle Raccoon,,72,72,Forest,Aqua,3,700,900,17441953,Unlimited,monster,
504,504,Flame Dancer,,33,33,Fire,Pyro,2,550,450,12883044,Unlimited,monster,
505,505,Prisman,,87,87,Earth,Rock,3,800,1000,80234301,Unlimited,monster,
506,506,Gale Dogra,,42,42,Forest,Insect,2,650,600,16229315,Unlimited,monster,
507,507,Crazy Fish,,207,207,Water,Fish,4,1600,1200,53713014,Unlimited,monster,
508,508,Cyber Saurus,,41,41,Earth,Machine,5,1800,1400,89112729,Unlimited,monster,
509,509,Bracchio-raidus,,150,150,Earth,Dinosaur,6,2200,2000,16507828,Unlimited,monster,
510,510,Laughing Flower,,72,72,Forest,Plant,2,900,500,42591472,Unlimited,monster,
511,511,Bean Soldier,,161,161,Forest,Plant,4,1400,1300,84990171,Unlimited,monster,
512,512,Cannon Soldier,,161,161,Fiend,Machine,4,1400,1300,11384280,Unlimited,monster,
513,513,Guardian of the Throne Room,,220,220,Light,Machine,4,1650,1600,47879985,Unlimited,monster,
514,514,Asura Priest,,233,233,Dreams,Fairy,4,1700,1200,02134346,Unlimited,monster,
515,515,The Statue of Easter Island,,161,161,Earth,Rock,4,1100,1400,10262698,Unlimited,monster,
516,516,Muka Muka,,37,37,Earth,Rock,2,600,300,46657337,Unlimited,monster,
517,517,Zombyra the Dark,,350,350,Dark,Warrior,4,2100,500,88472456,Unlimited,monster,
518,518,Boulder Tortoise,,150,150,Earth,Aqua,6,1450,2200,09540040,Unlimited,monster,
519,519,Fire Kraken,,207,207,Fire,Aqua,4,1600,1500,46534755,Unlimited,monster,
520,520,Turtle Bird,,61,61,Wind,Aqua,6,1900,1700,72929454,Unlimited,monster,
521,521,Skullbird,,61,61,Wind,Winged Beast,6,1900,1700,08327462,Unlimited,monster,
522,522,Monstrous Bird,,86,86,Wind,Winged Beast,6,2000,1900,35712107,Unlimited,monster,
523,523,The Bistro Butcher,,260,260,Fiend,Fiend,4,1800,1000,71107816,Unlimited,monster,
524,524,Star Boy,,33,33,Water,Aqua,2,550,500,08201910,Unlimited,monster,
525,525,Spirit of the Mountain,,41,41,Earth,Spellcaster,5,1300,1800,34690519,Unlimited,monster,
526,526,Earthbound Spirit,,319,319,Earth,Fiend,4,500,2000,67105242,Unlimited,monster,
527,527,Milus Radiant,,16,16,Forest,Beast,1,300,250,07489323,Unlimited,monster,
528,528,Togex,,41,41,Earth,Beast,5,1600,1800,33878931,Unlimited,monster,
529,529,Flame Cerebrus,,116,116,Forest,Pyro,6,2100,1800,60862676,Unlimited,monster,
530,530,Embodiment of Apophis,,260,260,Earth,Reptile,4,1600,1800,28649820,Unlimited,monster,
531,531,Mystical Sand,,116,116,Dark,Rock,6,2100,1700,32751480,Unlimited,monster,
532,532,Gemini Elf,,289,289,Light,Spellcaster,4,1900,900,69140098,Unlimited,monster,
533,533,Kwagar Hercules,,61,61,Forest,Insect,6,1900,1700,95144193,Unlimited,monster,
534,534,Minar,,65,65,Fiend,Insect,3,850,750,32539892,Unlimited,monster,
535,535,Ancient Lamp,,161,161,Wind,Spellcaster,3,900,1400,54912977,Unlimited,monster,
536,536,Mechaleon,,59,59,Water,Reptile,2,800,600,94412545,Unlimited,monster,
537,537,Mega Thunderball,,53,53,Thunder,Thunder,2,750,600,21817254,Unlimited,monster,
538,538,Niwatori,,72,72,Forest,Winged Beast,3,900,800,07805359,Unlimited,monster,
539,539,Amazon Chain Master,,183,183,Earth,Warrior,4,1500,1300,29654737,Unlimited,monster,
540,540,Skelengel,,72,72,Light,Fairy,2,900,400,60694662,Unlimited,monster,
541,541,Hane-Hane,,29,29,Wind,Beast,2,450,500,07089711,Unlimited,monster,
542,542,Misairuzame,,14,14,Water,Fish,5,1400,1600,33178416,Unlimited,monster,
543,543,Thunder Nyan Nyan,,289,289,Light,Thunder,4,1900,800,70797118,Unlimited,monster,
544,544,Dharma Cannon,,72,72,Fiend,Machine,2,900,500,96967123,Unlimited,monster,
545,545,Skelgon,,61,61,Fiend,Zombie,6,1700,1900,32355828,Unlimited,monster,
546,546,Wow Warrior,,130,130,Water,Fish,4,1250,900,69750536,Unlimited,monster,
547,547,Griggle,,19,19,Forest,Plant,1,350,300,95744531,Unlimited,monster,
548,548,Bone Mouse,,22,22,Fiend,Zombie,1,400,300,21239280,Unlimited,monster,
549,549,Frog the Jam,,47,47,Water,Aqua,2,700,500,68638985,Unlimited,monster,
550,550,Last Tusk Mammoth,,121,121,Water,Dinosaur,3,800,1200,43063758,Unlimited,monster,
551,551,Dark Elf,,319,319,Dark,Spellcaster,4,2000,800,21417692,Unlimited,monster,
552,552,"Winged Dragon, Guardian of the Fortress #2",,121,121,Wind,Winged Beast,4,1200,1000,57405307,Unlimited,monster,
553,553,Mushroom Man #2,,130,130,Forest,Warrior,3,1250,800,93900406,Unlimited,monster,
554,554,Lava Battleguard,,41,41,Dark,Warrior,5,1550,1800,20394040,Unlimited,monster,
555,555,Queen's Knight,,207,207,Light,Warrior,4,1500,1600,25652259,Unlimited,monster,
556,556,Injection Fairy Lily,,183,183,Earth,Spellcaster,3,400,1500,79575620,Unlimited,monster,
557,557,Jack's Knight,,61,61,Light,Warrior,5,1900,1000,90876561,Unlimited,monster,
558,558,Pot the Trick,,22,22,Fiend,Rock,2,400,400,55567161,Unlimited,monster,
559,559,Oscillo Hero,,130,130,Dreams,Warrior,3,1250,700,82065276,Unlimited,monster,
560,560,Invader from Another Dimension,,161,161,Dreams,Fiend,4,950,1400,28450915,Unlimited,monster,
561,561,Lesser Dragon,,121,121,Fiend,Dragon,4,1200,1000,55444629,Unlimited,monster,
562,562,Needle Worm,,53,53,Forest,Insect,2,750,600,81843628,Unlimited,monster,
563,563,King's Knight,,207,207,Light,Warrior,4,1600,1400,64788463,Unlimited,monster,
564,564,Great Mammoth of Goldfine,,150,150,Fiend,Zombie,6,2200,1800,54622031,Unlimited,monster,
565,565,Gil Garth,,260,260,Fiend,Fiend,4,1800,1200,38445524,Unlimited,monster,
566,566,Yormungarde,,121,121,Water,Reptile,3,1200,900,17115745,Unlimited,monster,
567,567,Darkworld Thorns,,121,121,Fiend,Plant,3,1200,900,43500484,Unlimited,monster,
568,568,Blade Knight,,207,207,Earth,Warrior,4,1600,1000,39507162,Unlimited,monster,
569,569,Gernia,,140,140,Fiend,Fiend,4,1300,1200,77936940,Unlimited,monster,
570,570,Trakadon,,140,140,Earth,Dinosaur,3,1300,800,42348802,Unlimited,monster,
571,571,B. Dragon Jungle King,,116,116,Forest,Dragon,6,2100,1800,89832901,Unlimited,monster,
572,572,Empress Judge,,116,116,Earth,Warrior,6,2100,1700,15237615,Unlimited,monster,
573,573,Little D,,103,103,Earth,Dinosaur,3,1100,700,42625254,Unlimited,monster,
574,574,Witch of the Black Forest,,121,121,Dark,Spellcaster,4,1100,1200,78010363,Unlimited,monster,
575,575,Y-Dragon Head,,207,207,Fire,Machine,4,1500,1600,65622692,Unlimited,monster,
576,576,Giant Scorpion of the Tundra,,103,103,Forest,Insect,3,1100,1000,41403766,Unlimited,monster,
577,577,Crow Goblin,,50,50,Wind,Winged Beast,5,1850,1600,77998771,Unlimited,monster,
578,578,Dark Magician Knight,,20,20,Dark,Warrior,7,2500,2100,50725996,Unlimited,monster,
579,579,Abyss Flower,,53,53,Forest,Plant,2,750,400,40387124,Unlimited,monster,
580,580,Patrol Robo,,103,103,Fiend,Machine,3,1100,900,76775123,Unlimited,monster,
581,581,Takuhee,,172,172,Wind,Winged Beast,4,1450,1000,03170832,Unlimited,monster,
582,582,Dark Witch,,41,41,Light,Fairy,5,1800,1700,35565537,Unlimited,monster,
583,583,Destiny Board,,500,500,,Trap,,,,94212438,Unlimited,spelltrap,
584,584,"Spirit Message ""I",,999,999,,Trap,,,,31893528,Unlimited,spelltrap,
585,585,"Spirit Message ""N",,999,999,,Trap,,,,67287533,Unlimited,spelltrap,
586,586,"Spirit Message ""A",,999,999,,Trap,,,,94772232,Unlimited,spelltrap,
587,587,"Spirit Message ""L",,999,999,,Trap,,,,30170981,Unlimited,spelltrap,
588,588,Living Vase,,103,103,Forest,Plant,3,900,1100,34320307,Unlimited,monster,
589,589,Tentacle Plant,,37,37,Forest,Plant,2,500,600,60715406,Unlimited,monster,
590,590,Z-Metal Tank,,183,183,Thunder,Machine,4,1500,1300,64500000,Unlimited,monster,
591,591,Morphing Jar,,47,47,Earth,Rock,2,700,600,33508719,Unlimited,monster,
592,592,Muse-A,,72,72,Light,Fairy,3,850,900,69992868,Unlimited,monster,
593,593,XY-Dragon Cannon,,150,150,Wind,Machine,6,2200,1900,02111707,Unlimited,monster,
594,594,Rose Spectre of Dunn,,86,86,Fiend,Plant,6,2000,1800,32485271,Unlimited,monster,
595,595,Fiend Reflection #1,,161,161,Dreams,Winged Beast,4,1300,1400,68870276,Unlimited,monster,
596,596,XZ-Tank Cannon,,231,231,Thunder,Machine,6,2400,2100,99724761,Unlimited,monster,
597,597,YZ-Tank Dragon,,150,150,Fire,Machine,6,2100,2200,25119460,Unlimited,monster,
598,598,Little Chimera,,37,37,Wind,Beast,2,600,550,68658728,Unlimited,monster,
599,599,Violent Rain,,195,195,Water,Aqua,4,1550,800,94042337,Unlimited,monster,
600,600,Exodia Necross,,260,260,Dark,Spellcaster,4,1800,0,12600382,Unlimited,monster,
601,601,Monster Reborn,,250,250,,Magic,,,,83764718,Unlimited,spelltrap,
602,602,Penguin Soldier,,53,53,Water,Aqua,2,750,500,93920745,Unlimited,monster,
603,603,Fairy Dragon,,121,121,Light,Dragon,4,1100,1200,20315854,Unlimited,monster,
604,604,Helpoemer,,500,500,Dreams,Fiend,5,2000,1400,76052811,Unlimited,monster,
605,605,Lava Golem,,95,95,Fire,Fiend,8,3000,2500,00102380,Unlimited,monster,
606,606,Newdoria,,121,121,Dreams,Fiend,4,1200,800,04335645,Unlimited,monster,
607,607,Dark Jeroid,,183,183,Water,Fiend,4,1200,1500,90980792,Unlimited,monster,
608,608,Shining Friendship,,140,140,Light,Fairy,4,1300,1100,82085619,Unlimited,monster,
609,609,Gravedigger Ghoul,,2,2,,Magic,,,,82542267,Unlimited,spelltrap,
610,610,Electric Lizard,,65,65,Thunder,Thunder,3,850,800,55875323,Unlimited,monster,
611,611,Hiro's Shadow Scout,,42,42,Fiend,Fiend,2,650,500,81863068,Unlimited,monster,
612,612,Lady of Faith,,103,103,Light,Spellcaster,3,1100,800,17358176,Unlimited,monster,
613,613,Twin-Headed Thunder Dragon,,58,58,Thunder,Thunder,7,2800,2100,54752875,Unlimited,monster,
614,614,Hunter Spider,,14,14,Forest,Insect,5,1600,1400,80141480,Unlimited,monster,
615,615,Armored Starfish,,161,161,Water,Aqua,4,850,1400,17535588,Unlimited,monster,
616,616,Executor - Makyura,,207,207,Dark,Warrior,4,1600,1200,21593977,Unlimited,monster,
617,617,Marine Beast,,25,25,Water,Fish,5,1700,1600,29929832,Unlimited,monster,
618,618,Warrior of Tradition,,61,61,Dark,Warrior,6,1900,1700,56413937,Unlimited,monster,
619,619,Byser Shock,,86,86,Thunder,Fiend,5,800,600,17597059,Unlimited,monster,
620,620,Snakeyashi,,121,121,Forest,Plant,4,1000,1200,29802344,Unlimited,monster,
621,621,Succubus Knight,,19,19,Dark,Warrior,5,1650,1300,55291359,Unlimited,monster,
622,622,Ill Witch,,14,14,Light,Spellcaster,5,1600,1500,81686058,Unlimited,monster,
623,623,Viser Des,,121,121,Dark,Fiend,4,500,1200,56043446,Unlimited,monster,
624,624,High Tide Gyojin,,220,220,Water,Aqua,4,1650,1300,54579801,Unlimited,monster,
625,625,Fairy of the Fountain,,207,207,Water,Aqua,4,1600,1100,81563416,Unlimited,monster,
626,626,Amazon of the Seas,,161,161,Water,Fish,4,1300,1400,17968114,Unlimited,monster,
627,627,Nekogal #2,,86,86,Forest,Beast-Warrior,6,1900,2000,43352213,Unlimited,monster,
628,628,Witch's Apprentice,,33,33,Dark,Spellcaster,2,550,500,80741828,Unlimited,monster,
629,629,Puppet Master,,0,0,Fiend,Fiend,6,0,0,41442341,Unlimited,monster,
630,630,Amazon Fighter,,183,183,Earth,Warrior,4,1500,1300,55821894,Unlimited,monster,
631,631,Maiden of the Moonlight,,183,183,Dreams,Spellcaster,4,1500,1300,79629370,Unlimited,monster,
632,632,Stone Ogre Grotto,,14,14,Earth,Rock,5,1600,1500,15023985,Unlimited,monster,
633,633,Amazon Sword Woman,,207,207,Earth,Warrior,4,1500,1600,94004268,Unlimited,monster,
634,634,Vampire Lord,,186,186,Fiend,Zombie,5,2000,1500,53839837,Unlimited,monster,
635,635,Queen's Double,,19,19,Earth,Warrior,1,350,300,05901497,Unlimited,monster,
636,636,Dark Paladin,,76,76,Dark,Warrior,8,2900,2400,98502113,Unlimited,monster,
637,637,Trent,,41,41,Forest,Plant,5,1500,1800,78780140,Unlimited,monster,
638,638,Queen of Autumn Leaves,,41,41,Forest,Plant,5,1800,1500,04179849,Unlimited,monster,
639,639,Amphibious Bugroth,,50,50,Water,Aqua,5,1850,1300,40173854,Unlimited,monster,
640,640,Different Dimension Dragon,,107,107,Dreams,Dragon,5,1200,1500,50939127,Unlimited,monster,
641,641,Amazon Archers,,70,70,,Trap,,,,67987611,Unlimited,spelltrap,
642,642,Mystical Sheep #1,,112,112,Dreams,Beast,3,1150,900,30451366,Unlimited,monster,
643,643,Yamata Dragon,,117,117,Fire,Dragon,7,2600,3100,76862289,Unlimited,monster,
644,644,"Shinato, King of a Higher Plane",,168,168,Light,Fairy,8,3300,3000,86327225,Unlimited,monster,
645,645,Dark Flare Knight,,150,150,Fire,Warrior,6,2200,800,13722870,Unlimited,monster,
646,646,Mirage Knight,,58,58,Dreams,Warrior,8,2800,2000,49217579,Unlimited,monster,
647,647,Berserk Dragon,,229,229,Fiend,Zombie,8,3500,0,85605684,Unlimited,monster,
648,648,Machine Attacker,,14,14,Fiend,Machine,5,1600,1300,38116136,Unlimited,monster,
649,649,Command Angel,,289,289,Fire,Fairy,4,1200,1900,80558357,Unlimited,monster,
650,650,Whiptail Crow,,220,220,Fiend,Fiend,4,1650,1600,91996584,Unlimited,monster,
651,651,Kunai with Chain,,100,100,,Magic,,,,37390589,Unlimited,spelltrap,
652,652,Magical Labyrinth,,2,2,,Magic,,,,64389297,Unlimited,spelltrap,
653,653,Warrior Elimination,,15,15,,Magic,,,,90873992,Unlimited,spelltrap,
654,654,Salamandra,,100,100,,Magic,,,,32268901,Unlimited,spelltrap,
655,655,Cursebreaker,,2,2,,Magic,,,,69666645,Unlimited,spelltrap,
656,656,Eternal Rest,,15,15,,Magic,,,,95051344,Unlimited,spelltrap,
657,657,Megamorph,,200,200,,Magic,,,,22046459,Unlimited,spelltrap,
658,658,Metalmorph,,2,2,,Magic,,,,68540058,Unlimited,spelltrap,
659,659,Winged Trumpeter,,100,100,,Magic,,,,94939166,Unlimited,spelltrap,
660,660,Stain Storm,,15,15,,Magic,,,,21323861,Unlimited,spelltrap,
661,661,Crush Card,,100,100,,Magic,,,,57728570,Unlimited,spelltrap,
662,662,Eradicating Aerosol,,15,15,,Magic,,,,94716515,Unlimited,spelltrap,
663,663,Breath of Light,,15,15,,Magic,,,,20101223,Unlimited,spelltrap,
664,664,Eternal Drought,,15,15,,Magic,,,,56606928,Unlimited,spelltrap,
665,665,Des Volstgalph,,150,150,Earth,Dragon,6,2200,1700,81059524,Unlimited,monster,
666,666,Toon Dark Magician Girl,,86,86,Dark,Spellcaster,6,2000,1700,90960358,Unlimited,monster,
667,667,Gilford the Lightning,,58,58,Light,Warrior,8,2800,1400,36354007,Unlimited,monster,
668,668,Bright Castle,,100,100,,Magic,,,,82878489,Unlimited,spelltrap,
669,669,Shadow Spell,,300,300,,Magic,,,,29267084,Unlimited,spelltrap,
670,670,Black Luster Ritual,,0,0,,Ritual,,,,55761792,Unlimited,spelltrap,
671,671,Mystical Beast Serket,,279,279,Earth,Fairy,6,2500,2000,89194033,Unlimited,monster,
672,672,Harpie's Feather Duster,,100,100,,Magic,,,,18144506,Unlimited,spelltrap,
673,673,Cyber Harpie,,260,260,Wind,Winged Beast,4,1800,1300,80316585,Unlimited,monster,
674,674,Lightning Conger,,53,53,Thunder,Thunder,3,350,750,27671321,Unlimited,monster,
675,675,Exarion Universe,,289,289,Dark,Beast-Warrior,4,1800,1900,63749102,Unlimited,monster,
676,676,Legendary Fiend,,41,41,Dark,Fiend,6,1500,1800,99747800,Unlimited,monster,
677,677,Gadget Soldier,,86,86,Earth,Machine,6,1800,2000,86281779,Unlimited,monster,
678,678,Melchid the Four-Face Beast,,183,183,Fiend,Fiend,4,1500,1200,86569121,Unlimited,monster,
679,679,Nuvia the Wicked,,319,319,Dark,Fiend,4,2000,800,12953226,Unlimited,monster,
680,680,Masked Beast Des Gardius,,168,168,Dark,Fiend,8,3300,2500,48948935,Unlimited,monster,
681,681,House of Adhesive Tape,,0,0,,Trap,,,,15083728,Unlimited,spelltrap,
682,682,Eatgaboon,,10,10,,Trap,,,,42578427,Unlimited,spelltrap,
683,683,Bear Trap,,20,20,,Trap,,,,78977532,Unlimited,spelltrap,
684,684,Invisible Wire,,50,50,,Trap,,,,15361130,Unlimited,spelltrap,
685,685,Acid Trap Hole,,70,70,,Trap,,,,41356845,Unlimited,spelltrap,
686,686,Widespread Ruin,,100,100,,Trap,,,,77754944,Unlimited,spelltrap,
687,687,Goblin Fan,,2,2,,Trap,,,,04149689,Unlimited,spelltrap,
688,688,Bad Reaction to Simochi,,2,2,,Trap,,,,40633297,Unlimited,spelltrap,
689,689,Reverse Trap,,2,2,,Trap,,,,77622396,Unlimited,spelltrap,
690,690,Fake Trap,,0,0,,Trap,,,,03027001,Unlimited,spelltrap,
691,691,Valkyrion the Magna Warrior,,357,357,Earth,Rock,8,3500,3850,75347539,Unlimited,monster,
692,692,Torrential Tribute,,200,200,,Trap,,,,53582587,Unlimited,spelltrap,
693,693,Beckon to Darkness,,15,15,,Magic,,,,08065530,Unlimited,spelltrap,
694,694,Infinite Dismissal,,0,0,,Trap,,,,54109233,Unlimited,spelltrap,
695,695,7 Completed,,2,2,,Magic,,,,86198326,Unlimited,spelltrap,
696,696,Dark Sage,,5,5,Dark,Spellcaster,9,2800,3200,92377303,Unlimited,monster,
697,697,F.G.D.,,169,169,Divine,Dragon,12,5000,5000,99267150,Unlimited,monster,
698,698,Master of Dragon Soldier,,169,169,Divine,Dragon,12,5000,5000,62873545,Unlimited,monster,
699,699,Messenger of Peace,,100,100,,Magic,,,,44656491,Unlimited,spelltrap,
700,700,Darkness Approaches,,10,10,,Magic,,,,80168720,Unlimited,spelltrap,
701,701,Performance of Sword,,999,999,Divine,Warrior,6,1950,1850,04849037,Unlimited,monster,
702,702,Hungry Burger,,999,999,Divine,Warrior,6,2000,1850,30243636,Unlimited,monster,
703,703,Sengenjin,,999,999,Divine,Beast-Warrior,8,2750,2500,76232340,Unlimited,monster,
704,704,Skull Guardian,,999,999,Divine,Warrior,7,2050,2500,03627449,Unlimited,monster,
705,705,Tri-Horned Dragon,,999,999,Divine,Dragon,8,2850,2350,39111158,Unlimited,monster,
706,706,Serpent Night Dragon,,999,999,Divine,Dragon,7,2350,2400,66516792,Unlimited,monster,
707,707,Skull Knight,,37,37,Dark,Spellcaster,7,2650,2250,02504891,Unlimited,monster,
708,708,Cosmo Queen,,999,999,Divine,Spellcaster,8,2900,2450,38999506,Unlimited,monster,
709,709,Chakra,,999,999,Divine,Fiend,7,2450,2000,65393205,Unlimited,monster,
710,710,Crab Turtle,,999,999,Divine,Aqua,8,2550,2500,91782219,Unlimited,monster,
711,711,Mikazukinoyaiba,,9,9,Light,Dragon,7,2200,2350,38277918,Unlimited,monster,
712,712,Meteor Dragon,,86,86,Earth,Dragon,6,1800,2000,64271667,Unlimited,monster,
713,713,Meteor B. Dragon,,229,229,Fire,Dragon,8,3500,2000,90660762,Unlimited,monster,
714,714,Firewing Pegasus,,168,168,Fire,Beast,6,2250,1800,27054370,Unlimited,monster,
715,715,Psycho-Puppet,,999,999,Divine,Fiend,7,2000,2350,63459075,Unlimited,monster,
716,716,Garma Sword,,999,999,Divine,Warrior,7,2550,2150,90844184,Unlimited,monster,
717,717,Javelin Beetle,,999,999,Divine,Insect,8,2450,2550,26932788,Unlimited,monster,
718,718,Fortress Whale,,999,999,Divine,Fish,7,2350,2150,62337487,Unlimited,monster,
719,719,Dokurorider,,999,999,Divine,Zombie,6,1900,1850,99721536,Unlimited,monster,
720,720,Mask of Shine & Dark,,999,999,Divine,Spellcaster,6,2000,1800,25110231,Unlimited,monster,
721,721,Magician of Black Chaos,,999,999,Divine,Spellcaster,8,2800,2600,30208479,Unlimited,monster,
722,722,Dark Magic Ritual,,0,0,,Ritual,,,,76792184,Unlimited,spelltrap,
723,723,Slot Machine,,6,6,Fiend,Machine,7,2000,2300,03797883,Unlimited,monster,
724,724,Space Megatron,,86,86,Fiend,Machine,5,1400,2000,39181897,Unlimited,monster,
725,725,Red Archery Girl,,183,183,Water,Aqua,4,1400,1500,65570596,Unlimited,monster,
726,726,Ryu-Ran,,30,30,Fire,Dragon,7,2200,2600,02964201,Unlimited,monster,
727,727,Manga Ryu-Ran,,30,30,Fiend,Dragon,7,2200,2600,38369349,Unlimited,monster,
728,728,Toon Mermaid,,183,183,Dark,Aqua,4,1400,1500,65458948,Unlimited,monster,
729,729,Toon Summoned Skull,,279,279,Fiend,Fiend,6,2500,1200,91842653,Unlimited,monster,
730,730,Dark-Eyes Illusionist,,10,10,Dreams,Spellcaster,2,0,0,38247752,Unlimited,monster,
731,731,Relinquished,,999,999,Divine,Spellcaster,1,0,0,64631466,Unlimited,monster,
732,732,Jigen Bakudan,,87,87,Dreams,Pyro,2,200,1000,90020065,Unlimited,monster,
733,733,Thousand-Eyes Idol,,10,10,Dreams,Spellcaster,1,0,0,27125110,Unlimited,monster,
734,734,Thousand-Eyes Restrict,,999,999,Divine,Spellcaster,1,0,0,63519819,Unlimited,monster,
735,735,Steel Ogre Grotto #2,,150,150,Earth,Machine,6,1900,2200,90908427,Unlimited,monster,
736,736,Blast Sphere,,161,161,Fire,Machine,4,1400,1400,26302522,Unlimited,monster,
737,737,Hyozanryu,,58,58,Earth,Dragon,7,2100,2800,62397231,Unlimited,monster,
738,738,Alpha The Magnet Warrior,,233,233,Earth,Rock,4,1400,1700,99785935,Unlimited,monster,
739,739,Legion the Fiend Jester,,183,183,Fiend,Spellcaster,4,1300,1500,25280974,Unlimited,monster,
740,740,Invitation to a Dark Sleep,,41,41,Dreams,Spellcaster,5,1500,1800,52675689,Unlimited,monster,
741,741,Lord of D.,,121,121,Dark,Spellcaster,4,1200,1100,17985575,Unlimited,monster,
742,742,Red-Eyes Black Metal Dragon,,58,58,Dark,Machine,8,2800,2400,64335804,Unlimited,monster,
743,743,Barrel Dragon,,30,30,Dark,Machine,7,2600,2200,81480460,Unlimited,monster,
744,744,Hannibal Necromancer,,41,41,Dark,Spellcaster,5,1400,1800,05640330,Unlimited,monster,
745,745,Panther Warrior,,319,319,Dark,Beast-Warrior,4,2000,1600,42035044,Unlimited,monster,
746,746,Three-Headed Geedo,,161,161,Fiend,Fiend,4,1200,1400,78423643,Unlimited,monster,
747,747,Gazelle the King of Mythical Beasts,,183,183,Dreams,Beast,4,1500,1200,05818798,Unlimited,monster,
748,748,Stone Statue of the Aztecs,,319,319,Earth,Rock,4,300,2000,31812496,Unlimited,monster,
749,749,Berfomet,,41,41,Fiend,Fiend,5,1400,1800,77207191,Unlimited,monster,
750,750,Chimera the Flying Mythical Beast,,116,116,Dreams,Beast,6,2100,1800,04796100,Unlimited,monster,
751,751,Gear Golem the Moving Fortress,,150,150,Earth,Machine,5,800,2200,30190809,Unlimited,monster,
752,752,Jinzo,,231,231,Thunder,Machine,6,2400,1500,77585513,Unlimited,monster,
753,753,Swordsman of Landstar,,121,121,Light,Warrior,3,500,1200,03573512,Unlimited,monster,
754,754,Cyber Raider,,161,161,Thunder,Warrior,4,1400,1000,39978267,Unlimited,monster,
755,755,The Fiend Megacyber,,150,150,Fiend,Warrior,6,2200,1200,66362965,Unlimited,monster,
756,756,Reflect Bounder,,233,233,Fiend,Spellcaster,4,1700,1000,02851070,Unlimited,monster,
757,757,Beta The Magnet Warrior,,233,233,Earth,Rock,4,1700,1600,39256679,Unlimited,monster,
758,758,Big Shield Gardna,,532,532,Earth,Warrior,4,100,2600,65240384,Unlimited,monster,
759,759,Doll of Demise,,25,25,Forest,Fiend,5,1600,1700,91635482,Unlimited,monster,
760,760,Dark Magician Girl,,86,86,Dark,Spellcaster,6,2000,1700,38033121,Unlimited,monster,
761,761,Alligator's Sword,,183,183,Wind,Beast,4,1500,1200,64428736,Unlimited,monster,
762,762,Insect Queen,,12,12,Forest,Insect,7,2200,2400,91512835,Unlimited,monster,
763,763,Parasite Paracide,,29,29,Forest,Insect,2,500,300,27911549,Unlimited,monster,
764,764,Skull-Mark Lady Bug,,183,183,Fiend,Insect,3,500,1500,64306248,Unlimited,monster,
765,765,Tiny Guardian,,41,41,Light,Warrior,5,1400,1800,90790253,Unlimited,monster,
766,766,Pinch Hopper,,121,121,Forest,Insect,4,1000,1200,26185991,Unlimited,monster,
767,767,Blue-Eyes Toon Dragon,,95,95,Light,Dragon,8,3000,2500,53183600,Unlimited,monster,
768,768,The Unhappy Maiden,,10,10,Light,Spellcaster,1,0,100,51275027,Unlimited,monster,
769,769,Wall of Illusion,,274,274,Dreams,Fiend,4,1000,1850,13945283,Unlimited,monster,
770,770,Neo the Magic Swordsman,,233,233,Earth,Spellcaster,4,1700,1000,50930991,Unlimited,monster,
771,771,Man-Eating Treasure Chest,,207,207,Dreams,Fiend,4,1600,1000,13723605,Unlimited,monster,
772,772,Chiron the Mage,,260,260,Earth,Beast,4,1800,1000,16956455,Unlimited,monster,
773,773,Sword Hunter,,16,16,Earth,Warrior,7,2450,1700,51345461,Unlimited,monster,
774,774,Drill Bug,,103,103,Earth,Insect,2,1100,200,88733579,Unlimited,monster,
775,775,Deepsea Warrior,,41,41,Water,Warrior,5,1600,1800,24128274,Unlimited,monster,
776,776,Bite Shoes,,29,29,Fiend,Fiend,2,500,300,50122883,Unlimited,monster,
777,777,Spikebot,,41,41,Dark,Machine,5,1800,1700,87511987,Unlimited,monster,
778,778,Beast of Gilfer,,279,279,Dark,Fiend,6,2200,2500,50287060,Unlimited,monster,
779,779,The Portrait's Secret,,183,183,Earth,Fiend,4,1200,1500,32541773,Unlimited,monster,
780,780,The Gross Ghost of Fled Dreams,,260,260,Dark,Fiend,4,1300,1800,68049471,Unlimited,monster,
781,781,Brain Control,,250,250,,Magic,,,,87910978,Unlimited,spelltrap,
782,782,Anti Raigeki,,150,150,,Trap,,,,42364257,Unlimited,spelltrap,
783,783,Black Illusion Ritual,,0,0,,Ritual,,,,41426869,Unlimited,spelltrap,
784,784,Change of Heart,,500,500,,Magic,,,,04031928,Unlimited,spelltrap,
785,785,Multiply,,100,100,,Magic,,,,40703222,Unlimited,spelltrap,
786,786,Exile of the Wicked,,15,15,,Magic,,,,26725158,Unlimited,spelltrap,
787,787,Last Day of Witch,,15,15,,Magic,,,,90330453,Unlimited,spelltrap,
788,788,Restructer Revolution,,100,100,,Magic,,,,99518961,Unlimited,spelltrap,
789,789,Pot of Greed,,150,150,,Magic,,,,55144522,Unlimited,spelltrap,
790,790,The Inexperienced Spy,,0,0,,Magic,,,,81820689,Unlimited,spelltrap,
791,791,Gate Sword,,73,73,Fiend,Warrior,6,1800,1950,46211326,Unlimited,monster,
792,792,Steel Fan Fighter,,150,150,Wind,Warrior,6,2200,1850,13616074,Unlimited,monster,
793,793,Leopard Girl,,73,73,Forest,Beast-Warrior,6,1950,1700,49000779,Unlimited,monster,
794,794,The Last Warrior from Another Planet,,9,9,Fiend,Warrior,7,2350,2300,86099788,Unlimited,monster,
795,795,Dunames Dark Witch,,260,260,Light,Fairy,4,1800,1050,12493482,Unlimited,monster,
796,796,Garnecia Elefantis,,12,12,Earth,Beast-Warrior,7,2400,2000,49888191,Unlimited,monster,
797,797,Total Defense Shogun,,279,279,Dark,Warrior,6,1550,2500,75372290,Unlimited,monster,
798,798,Beast of Talwar,,12,12,Fiend,Fiend,7,2400,2150,11761845,Unlimited,monster,
799,799,Cyber-Tech Alligator,,279,279,Wind,Machine,5,2500,1600,48766543,Unlimited,monster,
800,800,Talons of Shurilane,,116,116,Dreams,Fiend,6,2100,2050,74150658,Unlimited,monster,
